trade_id,timestamp,year,timeframe,direction,trend_state,vol_state,entry_price,stop_price,target_price,exit_price,exit_reason,holding_hours,mfe_pct,mae_pct,gross_pnl,fees,slippage,net_pnl,r_multiple,is_tp_hit,is_sl_hit
1,1673010000000,2023,1h,LONG,BEAR,LOW,16777.54,16731.24,16881.57,16727.89,STOP_LOSS,1,0.103,0.323,-2.96,2,0.4,-4.96,-1.156,false,true
2,1674054000000,2023,1h,LONG,BEAR,LOW,21046.94,20918.45,21353.43,20914.27,STOP_LOSS,1,0,3.02,-6.3,2,0.4,-8.3,-1.068,false,true
3,1674057600000,2023,1h,LONG,BEAR,LOW,20854.06,20723.32,21166.32,20719.17,STOP_LOSS,4,1.376,0.878,-6.47,2,0.4,-8.47,-1.066,false,true
4,1674608400000,2023,1h,LONG,BEAR,MEDIUM,22496.08,22304.49,22959.29,22707.91,TIME_EXIT,6,1.247,0.046,9.42,2,0.4,7.42,1.132,false,false
5,1675429200000,2023,1h,LONG,BEAR,MEDIUM,23351.3,23183.65,23754.08,23303.33,TIME_EXIT,6,1.581,0.512,-2.05,2,0.4,-4.05,-0.294,false,false
6,1675659600000,2023,1h,LONG,BEAR,MEDIUM,22778.46,22622.99,23151.2,22873.65,TIME_EXIT,6,0.729,0.237,4.18,2,0.4,2.18,0.631,false,false
7,1675872000000,2023,1h,LONG,BEAR,LOW,22969.6,22827.91,23307.77,22823.34,STOP_LOSS,3,0.339,0.624,-6.37,2,0.4,-8.37,-1.067,false,true
8,1676041200000,2023,1h,LONG,BEAR,MEDIUM,21657.08,21511.03,22007.06,21506.73,STOP_LOSS,6,0.675,0.932,-6.94,2,0.4,-8.94,-1.061,false,true
9,1676854800000,2023,1h,LONG,BEAR,MEDIUM,24241.82,24076.9,24637.15,24498.75,TIME_EXIT,6,1.312,0.342,10.6,2,0.4,8.6,1.605,false,false
10,1677031200000,2023,1h,LONG,BEAR,MEDIUM,24177.06,24000.74,24600.95,23995.94,STOP_LOSS,3,0.408,0.742,-7.49,2,0.4,-9.49,-1.056,false,true
11,1678201200000,2023,1h,LONG,BEAR,LOW,22326.44,22188.13,22656.61,22183.69,STOP_LOSS,3,0.323,0.723,-6.39,2,0.4,-8.39,-1.067,false,true
12,1678410000000,2023,1h,LONG,BEAR,MEDIUM,20115.89,19978.6,20445.05,19974.6,STOP_LOSS,2,0.148,0.668,-7.02,2,0.4,-9.02,-1.06,false,true
13,1680246000000,2023,1h,LONG,BEAR,MEDIUM,27744.03,27490.08,28359.48,28353.81,TAKE_PROFIT,6,2.93,0.182,21.98,2,0.4,19.98,2.455,true,false
14,1680440400000,2023,1h,LONG,BEAR,MEDIUM,28285.18,28060.25,28827.69,28054.64,STOP_LOSS,2,0.249,0.855,-8.15,2,0.4,-10.15,-1.051,false,true
15,1680451200000,2023,1h,LONG,BEAR,MEDIUM,28127.59,27902.41,28670.88,27896.83,STOP_LOSS,3,0.384,0.944,-8.2,2,0.4,-10.2,-1.051,false,true
16,1680462000000,2023,1h,LONG,BEAR,MEDIUM,27949.43,27724.85,28491.31,27719.31,STOP_LOSS,6,0.929,1.374,-8.23,2,0.4,-10.23,-1.051,false,true
17,1680555600000,2023,1h,LONG,BEAR,MEDIUM,27720.11,27495.95,28261.12,27849.49,TIME_EXIT,6,1.03,0.187,4.67,2,0.4,2.67,0.592,false,false
18,1681311600000,2023,1h,LONG,BEAR,LOW,29970.02,29803.65,30364.99,29797.68,STOP_LOSS,4,0.424,0.68,-5.75,2,0.4,-7.75,-1.075,false,true
19,1681736400000,2023,1h,LONG,BEAR,LOW,29408.08,29257.58,29763.75,29251.73,STOP_LOSS,2,0.271,0.549,-5.32,2,0.4,-7.32,-1.081,false,true
20,1683738000000,2023,1h,LONG,BEAR,MEDIUM,27504.23,27319.38,27947.11,27941.52,TAKE_PROFIT,3,1.758,0.522,15.9,2,0.4,13.9,2.438,true,false
21,1683918000000,2023,1h,LONG,BEAR,MEDIUM,26464.92,26262.85,26951.59,26946.2,TAKE_PROFIT,6,1.982,0.373,18.19,2,0.4,16.19,2.446,true,false
22,1684940400000,2023,1h,LONG,BEAR,LOW,26319.95,26183.28,26643.22,26178.04,STOP_LOSS,1,0.045,0.588,-5.39,2,0.4,-7.39,-1.08,false,true
23,1684976400000,2023,1h,LONG,BEAR,LOW,26129.3,25993.11,26451.49,26126.04,TIME_EXIT,6,0.673,0.273,-0.12,2,0.4,-2.12,-0.025,false,false
24,1685541600000,2023,1h,LONG,BEAR,LOW,27039.28,26914.08,27333.33,26908.7,STOP_LOSS,1,0.112,0.567,-4.83,2,0.4,-6.83,-1.09,false,true
25,1685664000000,2023,1h,LONG,BEAR,LOW,26791.4,26658.74,27104.3,27098.88,TAKE_PROFIT,4,1.247,0.258,11.48,2,0.4,9.48,2.415,true,false
26,1687978800000,2023,1h,LONG,BEAR,LOW,30106.01,29911.91,30570.18,30162.74,TIME_EXIT,6,0.485,0.502,1.88,2,0.4,-0.12,0.302,false,false
27,1688310000000,2023,1h,LONG,BEAR,LOW,30504.1,30301.71,30988.72,30551.33,TIME_EXIT,6,0.64,0.431,1.55,2,0.4,-0.45,0.241,false,false
28,1688562000000,2023,1h,LONG,BEAR,LOW,30363.38,30190.46,30774.43,30425.86,TIME_EXIT,6,0.772,0.395,2.06,2,0.4,0.06,0.374,false,false
29,1688652000000,2023,1h,LONG,BEAR,LOW,30220.38,30052.77,30618.27,30309.1,TIME_EXIT,6,0.926,0.454,2.94,2,0.4,0.94,0.549,false,false
30,1688947200000,2023,1h,LONG,BEAR,LOW,30096.28,29940.85,30463.78,30083.62,TIME_EXIT,6,0.498,0.176,-0.42,2,0.4,-2.42,-0.085,false,false
31,1689472800000,2023,1h,LONG,BEAR,LOW,30258.05,30107.55,30613.14,30292.43,TIME_EXIT,6,0.198,0.388,1.14,2,0.4,-0.86,0.238,false,false
32,1689588000000,2023,1h,LONG,BEAR,LOW,30169.96,30027.42,30505.2,30137.98,TIME_EXIT,6,0.478,0.437,-1.06,2,0.4,-3.06,-0.234,false,false
33,1689696000000,2023,1h,LONG,BEAR,LOW,29707.14,29560.17,30053.78,29813.72,TIME_EXIT,6,0.817,0.102,3.59,2,0.4,1.59,0.756,false,false
34,1689861600000,2023,1h,LONG,BEAR,LOW,29788.16,29651.66,30108.55,29645.73,STOP_LOSS,4,0.304,0.709,-4.78,2,0.4,-6.78,-1.091,false,true
35,1690066800000,2023,1h,LONG,BEAR,LOW,29799.95,29662,30123.96,29916.01,TIME_EXIT,6,0.627,0.215,3.89,2,0.4,1.89,0.879,false,false
36,1690210800000,2023,1h,LONG,BEAR,LOW,29099.6,28965.8,29413.73,29161.22,TIME_EXIT,6,0.35,0.322,2.12,2,0.4,0.12,0.481,false,false
37,1690747200000,2023,1h,LONG,BEAR,LOW,29276.81,29173.11,29515.59,29167.27,STOP_LOSS,2,0,0.413,-3.74,2,0.4,-5.74,-1.119,false,true
38,1690902000000,2023,1h,LONG,BEAR,LOW,28959.78,28861.74,29184.63,29178.79,TAKE_PROFIT,3,1.107,0.311,7.56,2,0.4,5.56,2.374,true,false
39,1691179200000,2023,1h,LONG,BEAR,LOW,28973.29,28867.76,29216.85,29080.23,TIME_EXIT,6,0.638,0.032,3.69,2,0.4,1.69,1.072,false,false
40,1691424000000,2023,1h,LONG,BEAR,LOW,28943.78,28850.23,29157.39,29151.56,TAKE_PROFIT,2,0.86,0.242,7.18,2,0.4,5.18,2.368,true,false
41,1691974800000,2023,1h,LONG,BEAR,LOW,29273.85,29179.99,29488.03,29174.15,STOP_LOSS,1,0.321,0.566,-3.41,2,0.4,-5.41,-1.133,false,true
42,1691978400000,2023,1h,LONG,BEAR,LOW,29325.86,29232.02,29539.96,29420.61,TIME_EXIT,6,0.599,0,3.23,2,0.4,1.23,1.077,false,false
43,1692201600000,2023,1h,LONG,BEAR,LOW,29092.35,29009.7,29278.6,29003.9,STOP_LOSS,4,0.51,0.844,-3.04,2,0.4,-5.04,-1.151,false,true
44,1692216000000,2023,1h,LONG,BEAR,LOW,28979.8,28896.49,29167.82,28890.71,STOP_LOSS,1,0,0.37,-3.07,2,0.4,-5.07,-1.149,false,true
45,1692288000000,2023,1h,LONG,BEAR,LOW,27942.95,27855.48,28142.06,27849.91,STOP_LOSS,4,0.367,1.458,-3.33,2,0.4,-5.33,-1.136,false,true
46,1692630000000,2023,1h,LONG,BEAR,LOW,25944.78,25830.44,26212.47,26207.23,TAKE_PROFIT,6,1.229,0.008,10.12,2,0.4,8.12,2.404,true,false
47,1692723600000,2023,1h,LONG,BEAR,LOW,25837.58,25725.7,26099.17,25720.56,STOP_LOSS,4,0.682,2.061,-4.53,2,0.4,-6.53,-1.097,false,true
48,1693839600000,2023,1h,LONG,BEAR,LOW,25819.4,25700.38,26098.89,25695.24,STOP_LOSS,6,0.519,0.709,-4.81,2,0.4,-6.81,-1.09,false,true
49,1694019600000,2023,1h,LONG,BULL,LOW,25865.17,25754.03,26124.94,25748.87,STOP_LOSS,1,0.385,1.052,-4.5,2,0.4,-6.5,-1.097,false,true
50,1694318400000,2023,1h,LONG,BEAR,LOW,25837.99,25719.14,26117.02,25799.85,TIME_EXIT,6,0.159,0.108,-1.48,2,0.4,-3.48,-0.335,false,false
51,1694361600000,2023,1h,LONG,BEAR,LOW,25796.32,25678.69,26072.33,25673.56,STOP_LOSS,1,0.006,0.459,-4.76,2,0.4,-6.76,-1.092,false,true
52,1694372400000,2023,1h,LONG,BEAR,LOW,25805.15,25687.04,26082.38,25681.9,STOP_LOSS,5,0.906,0.571,-4.78,2,0.4,-6.78,-1.091,false,true
53,1695236400000,2023,1h,LONG,BEAR,LOW,26936.01,26805.19,27244.19,27024.13,TIME_EXIT,6,1.154,0.033,3.27,2,0.4,1.27,0.703,false,false
54,1695578400000,2023,1h,LONG,BULL,LOW,26597.16,26475.43,26882.87,26470.13,STOP_LOSS,1,0,0.963,-4.78,2,0.4,-6.78,-1.091,false,true
55,1695582000000,2023,1h,LONG,BEAR,LOW,26454.47,26332.22,26741.59,26326.95,STOP_LOSS,4,0.274,1.237,-4.82,2,0.4,-6.82,-1.09,false,true
56,1695600000000,2023,1h,LONG,BEAR,LOW,26253.41,26131.83,26538.98,26126.61,STOP_LOSS,4,0.362,0.515,-4.83,2,0.4,-6.83,-1.09,false,true
57,1696770000000,2023,1h,LONG,BEAR,LOW,27916.33,27785.7,28223.39,27889.41,TIME_EXIT,6,0.248,0.369,-0.96,2,0.4,-2.96,-0.215,false,false
58,1696867200000,2023,1h,LONG,BEAR,LOW,27408.51,27274.96,27723.19,27717.65,TAKE_PROFIT,2,1.266,0.223,11.28,2,0.4,9.28,2.414,true,false
59,1699884000000,2023,1h,LONG,BEAR,LOW,36794.59,36569.92,37330.5,36777.82,TIME_EXIT,6,0.664,0.506,-0.46,2,0.4,-2.46,-0.077,false,false
60,1700578800000,2023,1h,LONG,BEAR,LOW,36982.43,36742.1,37557.34,36734.76,STOP_LOSS,2,1.42,1.068,-6.7,2,0.4,-8.7,-1.063,false,true
61,1701000000000,2023,1h,LONG,BEAR,LOW,37635.04,37403.83,38186.71,37396.35,STOP_LOSS,1,0,0.722,-6.34,2,0.4,-8.34,-1.067,false,true
62,1701079200000,2023,1h,LONG,BEAR,LOW,37113,36888.01,37649.52,36880.63,STOP_LOSS,3,0.123,0.914,-6.26,2,0.4,-8.26,-1.068,false,true
63,1701090000000,2023,1h,LONG,BEAR,LOW,36957.39,36731.55,37496.11,36724.21,STOP_LOSS,1,0.135,0.636,-6.31,2,0.4,-8.31,-1.067,false,true
64,1701939600000,2023,1h,LONG,BEAR,LOW,43359.74,43133.39,43895.27,43124.76,STOP_LOSS,1,0.177,0.669,-5.42,2,0.4,-7.42,-1.079,false,true
65,1702893600000,2023,1h,LONG,BEAR,MEDIUM,40831.66,40539.72,41532.94,41524.63,TAKE_PROFIT,4,2.27,0.098,16.97,2,0.4,14.97,2.442,true,false
66,1703570400000,2023,1h,LONG,BEAR,LOW,42699.01,42425.01,43354.11,42416.53,STOP_LOSS,3,0.343,1.266,-6.62,2,0.4,-8.62,-1.064,false,true
67,1703772000000,2023,1h,LONG,BEAR,LOW,42672.53,42406.9,43306.76,42398.42,STOP_LOSS,1,0.109,0.616,-6.42,2,0.4,-8.42,-1.066,false,true
68,1703811600000,2023,1h,LONG,BEAR,LOW,42340.47,42070.72,42985.2,42264.89,TIME_EXIT,6,1.106,0.26,-1.79,2,0.4,-3.79,-0.289,false,false
69,1705266000000,2024,1h,LONG,BEAR,MEDIUM,42563.4,42115.87,43652.43,42107.45,STOP_LOSS,1,0.221,1.13,-10.71,2,0.4,-12.71,-1.039,false,true
70,1705597200000,2024,1h,LONG,BEAR,MEDIUM,41825.07,41432.54,42777.14,41424.25,STOP_LOSS,1,0.238,1.068,-9.58,2,0.4,-11.58,-1.043,false,true
71,1705608000000,2024,1h,LONG,BEAR,MEDIUM,40843.77,40447.23,41806.52,41111.22,TIME_EXIT,6,1.311,0.19,6.55,2,0.4,4.55,0.689,false,false
72,1705899600000,2024,1h,LONG,BEAR,MEDIUM,41146.7,40786.25,42019.01,40778.1,STOP_LOSS,3,0.444,0.915,-8.96,2,0.4,-10.96,-1.047,false,true
73,1705917600000,2024,1h,LONG,BEAR,MEDIUM,40712.04,40362.84,41556.55,40354.77,STOP_LOSS,5,1.327,0.869,-8.78,2,0.4,-10.78,-1.048,false,true
74,1706655600000,2024,1h,LONG,BEAR,LOW,42949.69,42673.45,43610.23,42664.91,STOP_LOSS,3,0.388,0.666,-6.63,2,0.4,-8.63,-1.064,false,true
75,1707084000000,2024,1h,LONG,BEAR,LOW,42580.12,42326.27,43184.96,42317.81,STOP_LOSS,3,0.19,0.736,-6.16,2,0.4,-8.16,-1.069,false,true
76,1708448400000,2024,1h,LONG,BEAR,LOW,51335.26,50996.4,52146.5,52136.08,TAKE_PROFIT,3,1.736,0.162,15.6,2,0.4,13.6,2.437,true,false
77,1708704000000,2024,1h,LONG,BEAR,MEDIUM,51063.29,50716.74,51893.94,50777.85,TIME_EXIT,6,0.278,0.594,-5.59,2,0.4,-7.59,-0.849,false,false
78,1709449200000,2024,1h,LONG,BEAR,MEDIUM,61610.33,61147.68,62723.83,62381.38,TIME_EXIT,6,1.692,0.331,12.51,2,0.4,10.51,1.712,false,false
79,1709658000000,2024,1h,LONG,BEAR,MEDIUM,65588.33,65038.55,66916.85,65025.55,STOP_LOSS,1,0,2.893,-8.58,2,0.4,-10.58,-1.049,false,true
80,1709913600000,2024,1h,LONG,BULL,MEDIUM,67824.15,67118.12,69541.76,68088.44,TIME_EXIT,6,2.313,0.225,3.9,2,0.4,1.9,0.382,false,false
81,1710115200000,2024,1h,LONG,BEAR,MEDIUM,68109.61,67392.46,69854.83,69305.93,TIME_EXIT,6,1.874,0.752,17.56,2,0.4,15.56,1.7,false,false
82,1710262800000,2024,1h,LONG,BEAR,MEDIUM,71106.77,70411.37,72795.49,71437.72,TIME_EXIT,6,0.791,0.833,4.65,2,0.4,2.65,0.486,false,false
83,1710432000000,2024,1h,LONG,BEAR,MEDIUM,71351.91,70661.45,73028.11,70647.32,STOP_LOSS,2,0.169,2.843,-9.87,2,0.4,-11.87,-1.042,false,true
84,1710439200000,2024,1h,LONG,BEAR,MEDIUM,70112.51,69416.72,71802.92,69402.83,STOP_LOSS,1,0.489,2.202,-10.12,2,0.4,-12.12,-1.041,false,true
85,1710442800000,2024,1h,LONG,BEAR,MEDIUM,69428.97,68728.38,71131.86,71117.64,TAKE_PROFIT,1,2.57,0.16,24.32,2,0.4,22.32,2.459,true,false
86,1710468000000,2024,1h,LONG,BEAR,MEDIUM,69049.2,68331.7,70794.62,68318.03,STOP_LOSS,1,0.587,3.384,-10.59,2,0.4,-12.59,-1.039,false,true
87,1710471600000,2024,1h,LONG,BEAR,MEDIUM,68237.65,67508.69,70012.32,67495.18,STOP_LOSS,1,0.426,1.933,-10.88,2,0.4,-12.88,-1.038,false,true
88,1710493200000,2024,1h,LONG,BEAR,MEDIUM,67812.87,67058.9,69650.34,67045.49,STOP_LOSS,2,0.444,1.562,-11.32,2,0.4,-13.32,-1.036,false,true
89,1710817200000,2024,1h,LONG,BEAR,MEDIUM,65889.19,65173.84,67631.44,65160.8,STOP_LOSS,1,0.152,1.282,-11.05,2,0.4,-13.05,-1.037,false,true
90,1710831600000,2024,1h,LONG,BEAR,MEDIUM,64717.17,63999.09,66467.07,63986.29,STOP_LOSS,1,0.01,2.435,-11.29,2,0.4,-13.29,-1.037,false,true
91,1711548000000,2024,1h,LONG,BEAR,MEDIUM,70064.75,69268.91,72005.31,69255.06,STOP_LOSS,1,0.04,1.688,-11.56,2,0.4,-13.56,-1.036,false,true
92,1711980000000,2024,1h,LONG,BEAR,MEDIUM,68919.85,68326.5,70355,68312.83,STOP_LOSS,1,0.168,1.081,-8.81,2,0.4,-10.81,-1.047,false,true
93,1712055600000,2024,1h,LONG,BEAR,MEDIUM,65635.81,65068.67,67007.74,65055.66,STOP_LOSS,2,0.322,1.576,-8.84,2,0.4,-10.84,-1.047,false,true
94,1712062800000,2024,1h,LONG,BEAR,MEDIUM,65237.24,64668.3,66613.95,64655.37,STOP_LOSS,2,1.572,0.855,-8.92,2,0.4,-10.92,-1.047,false,true
95,1713240000000,2024,1h,LONG,BEAR,MEDIUM,62499.5,61864.93,64042.18,61852.56,STOP_LOSS,6,2.101,1.419,-10.35,2,0.4,-12.35,-1.04,false,true
96,1713492000000,2024,1h,LONG,BEAR,MEDIUM,61371.84,60685.06,63045.83,63033.23,TAKE_PROFIT,4,5.858,0.358,27.07,2,0.4,25.07,2.463,true,false
97,1714050000000,2024,1h,LONG,BEAR,MEDIUM,63441.66,62774.49,65065.17,64734.16,TIME_EXIT,6,2.437,0.336,20.37,2,0.4,18.37,1.975,false,false
98,1714550400000,2024,1h,LONG,BEAR,MEDIUM,57181.13,56669.68,58419.75,57470.5,TIME_EXIT,6,1.935,0.493,5.06,2,0.4,3.06,0.579,false,false
99,1715007600000,2024,1h,LONG,BEAR,MEDIUM,63644.74,63115.17,64924.1,63102.55,STOP_LOSS,1,0.182,0.868,-8.52,2,0.4,-10.52,-1.049,false,true
100,1715173200000,2024,1h,LONG,BEAR,MEDIUM,62460.09,61935.48,63727.89,61923.09,STOP_LOSS,2,0.609,0.898,-8.6,2,0.4,-10.6,-1.049,false,true
101,1716494400000,2024,1h,LONG,BEAR,LOW,67816.45,67381.24,68857.02,67367.76,STOP_LOSS,1,0.83,1.246,-6.62,2,0.4,-8.62,-1.064,false,true
102,1716735600000,2024,1h,LONG,BEAR,LOW,68861.75,68423.97,69908,68410.29,STOP_LOSS,6,0.182,1.046,-6.56,2,0.4,-8.56,-1.065,false,true
103,1717171200000,2024,1h,LONG,BEAR,LOW,67213.45,66767.98,68280.09,67496.02,TIME_EXIT,6,1.189,0.059,4.2,2,0.4,2.2,0.654,false,false
104,1718078400000,2024,1h,LONG,BEAR,LOW,68037.63,67695.52,68845.31,67681.98,STOP_LOSS,1,0.047,0.54,-5.23,2,0.4,-7.23,-1.083,false,true
105,1718672400000,2024,1h,LONG,BEAR,LOW,65147.02,64783.8,66009.47,64770.84,STOP_LOSS,1,0.798,0.867,-5.77,2,0.4,-7.77,-1.074,false,true
106,1719176400000,2024,1h,LONG,BEAR,LOW,63857.44,63489.64,64732.25,63476.94,STOP_LOSS,2,0,1.044,-5.96,2,0.4,-7.96,-1.072,false,true
107,1719259200000,2024,1h,LONG,BEAR,LOW,59525.9,59140,60449,60436.91,TAKE_PROFIT,4,1.933,0.173,15.3,2,0.4,13.3,2.436,true,false
108,1720000800000,2024,1h,LONG,BEAR,LOW,60396.08,60050.26,61218.35,60038.25,STOP_LOSS,2,0.159,0.766,-5.92,2,0.4,-7.92,-1.072,false,true
109,1720058400000,2024,1h,LONG,BEAR,LOW,58983.92,58631.03,59824.89,58619.3,STOP_LOSS,4,0.311,0.74,-6.18,2,0.4,-8.18,-1.069,false,true
110,1720083600000,2024,1h,LONG,BEAR,LOW,57759.56,57401.57,58614.11,57390.09,STOP_LOSS,3,0.642,1.016,-6.4,2,0.4,-8.4,-1.066,false,true
111,1720386000000,2024,1h,LONG,BEAR,MEDIUM,56607.32,56192.54,57604.65,56181.3,STOP_LOSS,2,0.348,1.54,-7.53,2,0.4,-9.53,-1.056,false,true
112,1721584800000,2024,1h,LONG,BEAR,MEDIUM,66877.8,66404.22,68014.96,68001.36,TAKE_PROFIT,2,2.011,0.122,16.8,2,0.4,14.8,2.441,true,false
113,1722110400000,2024,1h,LONG,BEAR,MEDIUM,67804.77,67319.41,68970.72,68956.92,TAKE_PROFIT,1,2.053,0.288,16.99,2,0.4,14.99,2.442,true,false
114,1722272400000,2024,1h,LONG,BEAR,MEDIUM,67028.49,66557.93,68158,66771.33,TIME_EXIT,6,0.804,0.619,-3.84,2,0.4,-5.84,-0.563,false,false
115,1723446000000,2024,1h,LONG,BEAR,MEDIUM,58686.35,57988.23,60390.6,58145.92,TIME_EXIT,6,2.242,1.15,-9.21,2,0.4,-11.21,-0.787,false,false
116,1724061600000,2024,1h,LONG,BEAR,MEDIUM,58057.62,57503.6,59402.04,58694.25,TIME_EXIT,6,1.592,0.107,10.97,2,0.4,8.97,1.174,false,false
117,1724662800000,2024,1h,LONG,BEAR,MEDIUM,63869.77,63431.12,64921.7,63418.43,STOP_LOSS,5,0.285,1.145,-7.07,2,0.4,-9.07,-1.06,false,true
118,1725199200000,2024,1h,LONG,BEAR,MEDIUM,57891.57,57457.17,58937.04,58419.41,TIME_EXIT,6,1.57,0.286,9.12,2,0.4,7.12,1.248,false,false
119,1725606000000,2024,1h,LONG,BEAR,MEDIUM,55815.44,55387.44,56846.38,56835.01,TAKE_PROFIT,5,2.043,0.296,18.27,2,0.4,16.27,2.446,true,false
120,1727013600000,2024,1h,LONG,BEAR,LOW,62680.53,62281.01,63635.46,63195.36,TIME_EXIT,6,1.034,0.319,8.21,2,0.4,6.21,1.33,false,false
121,1727654400000,2024,1h,LONG,BEAR,LOW,65476.95,65095.91,66383.74,65082.89,STOP_LOSS,1,0.122,1.167,-6.02,2,0.4,-8.02,-1.071,false,true
122,1727665200000,2024,1h,LONG,BEAR,LOW,64566.59,64189.96,65462.98,64177.12,STOP_LOSS,5,0.304,0.858,-6.03,2,0.4,-8.03,-1.071,false,true
123,1727683200000,2024,1h,LONG,BEAR,LOW,64324.44,63953.75,65206.16,63940.96,STOP_LOSS,1,0,1.198,-5.96,2,0.4,-7.96,-1.072,false,true
124,1727690400000,2024,1h,LONG,BEAR,LOW,63658.71,63285.45,64547.3,63474.28,TIME_EXIT,6,0.809,0.288,-2.9,2,0.4,-4.9,-0.512,false,false
125,1727787600000,2024,1h,LONG,BEAR,LOW,62879.37,62524.52,63722.51,62512.01,STOP_LOSS,1,0.345,0.666,-5.84,2,0.4,-7.84,-1.073,false,true
126,1727794800000,2024,1h,LONG,BEAR,LOW,62641.38,62283.25,63492.86,62270.79,STOP_LOSS,1,0.239,1.154,-5.92,2,0.4,-7.92,-1.072,false,true
127,1727802000000,2024,1h,LONG,BEAR,LOW,62164.43,61801.9,63027.25,61789.54,STOP_LOSS,2,0.463,0.871,-6.03,2,0.4,-8.03,-1.071,false,true
128,1728831600000,2024,1h,LONG,BEAR,LOW,62241.77,61855.27,63164.44,62882.53,TIME_EXIT,6,1.255,0.083,10.29,2,0.4,8.29,1.713,false,false
129,1729522800000,2024,1h,LONG,BEAR,LOW,67354.49,66976.62,68252.02,66963.22,STOP_LOSS,1,0.004,0.664,-5.81,2,0.4,-7.81,-1.074,false,true
130,1729706400000,2024,1h,LONG,BEAR,LOW,66070.99,65688.82,66980.18,66966.79,TAKE_PROFIT,6,2.147,0.281,13.56,2,0.4,11.56,2.428,true,false
131,1729879200000,2024,1h,LONG,BEAR,LOW,67040.03,66635.25,68005.05,66621.92,STOP_LOSS,1,0.314,0.609,-6.24,2,0.4,-8.24,-1.068,false,true
132,1729897200000,2024,1h,LONG,BEAR,LOW,66711.66,66297.23,67701.03,67118.57,TIME_EXIT,6,0.788,0.387,6.1,2,0.4,4.1,1.015,false,false
133,1730426400000,2024,1h,LONG,BEAR,LOW,69593.81,69201.31,70526.33,69187.47,STOP_LOSS,5,0.193,0.718,-5.84,2,0.4,-7.84,-1.073,false,true
134,1731808800000,2024,1h,LONG,BEAR,MEDIUM,90042.02,89203.59,92075.1,90966.91,TIME_EXIT,6,1.14,0.276,10.27,2,0.4,8.27,1.127,false,false
135,1731880800000,2024,1h,LONG,BEAR,MEDIUM,89573.91,88730.87,91618.84,90423.21,TIME_EXIT,6,1.54,0.267,9.48,2,0.4,7.48,1.029,false,false
136,1732546800000,2024,1h,LONG,BEAR,MEDIUM,96019.77,95222.12,97946.7,95203.07,STOP_LOSS,2,0.52,1.199,-8.51,2,0.4,-10.51,-1.049,false,true
137,1732572000000,2024,1h,LONG,BEAR,MEDIUM,94423.37,93617.95,96370.84,93599.23,STOP_LOSS,1,0.002,1.678,-8.73,2,0.4,-10.73,-1.048,false,true
138,1733436000000,2024,1h,LONG,BEAR,MEDIUM,96608.35,95871.39,98383.14,95852.21,STOP_LOSS,1,0.899,1.293,-7.83,2,0.4,-9.83,-1.054,false,true
139,1733778000000,2024,1h,LONG,BEAR,MEDIUM,96911.38,96156.57,98730.59,96137.33,STOP_LOSS,1,0.505,2.12,-7.99,2,0.4,-9.99,-1.052,false,true
140,1734915600000,2024,1h,LONG,BEAR,MEDIUM,94468.89,93619.38,96526.55,95384.93,TIME_EXIT,6,2.181,0.794,9.7,2,0.4,7.7,1.103,false,false
141,1735318800000,2024,1h,LONG,BEAR,MEDIUM,94310.16,93427.92,96449.76,94280.17,TIME_EXIT,6,0.564,0.202,-0.32,2,0.4,-2.32,-0.035,false,false
142,1735480800000,2024,1h,LONG,BEAR,MEDIUM,94642.6,93815.91,96643.1,93797.15,STOP_LOSS,2,0.181,1.082,-8.93,2,0.4,-10.93,-1.047,false,true
143,1735570800000,2024,1h,LONG,BEAR,MEDIUM,92148.64,91339.95,94105.85,94087.03,TAKE_PROFIT,2,2.247,0.358,21.04,2,0.4,19.04,2.453,true,false
144,1736085600000,2025,1h,LONG,BEAR,LOW,97874.63,97281.62,99288.67,98256.05,TIME_EXIT,6,0.841,0.284,3.9,2,0.4,1.9,0.665,false,false
145,1736776800000,2025,1h,LONG,BEAR,LOW,91851.4,91239.21,93317.58,93298.92,TAKE_PROFIT,6,2.124,0.635,15.76,2,0.4,13.76,2.438,true,false
146,1737324000000,2025,1h,LONG,BEAR,MEDIUM,103434.68,102657.14,105306.15,102636.61,STOP_LOSS,1,0,3.638,-7.72,2,0.4,-9.72,-1.054,false,true
147,1737327600000,2025,1h,LONG,BEAR,MEDIUM,101351.84,100566.63,103243.91,100546.52,STOP_LOSS,1,0.342,1.758,-7.95,2,0.4,-9.95,-1.053,false,true
148,1737597600000,2025,1h,LONG,BEAR,MEDIUM,102675.87,101760.11,104893.42,101739.76,STOP_LOSS,2,0.343,1.052,-9.12,2,0.4,-11.12,-1.046,false,true
149,1737954000000,2025,1h,LONG,BEAR,MEDIUM,100394.14,99447.61,102690.23,99427.72,STOP_LOSS,1,0.117,1.647,-9.63,2,0.4,-11.63,-1.043,false,true
150,1737961200000,2025,1h,LONG,BEAR,MEDIUM,99067.82,98116.53,101376.7,101356.43,TAKE_PROFIT,6,2.644,0.792,23.1,2,0.4,21.1,2.457,true,false
151,1738540800000,2025,1h,LONG,BEAR,MEDIUM,96530.63,95721.73,98485.34,95702.58,STOP_LOSS,1,0.449,4.674,-8.58,2,0.4,-10.58,-1.049,false,true
152,1738548000000,2025,1h,LONG,BEAR,MEDIUM,93584.71,92762.83,95573.94,92744.27,STOP_LOSS,2,1.199,0.983,-8.98,2,0.4,-10.98,-1.046,false,true
153,1739365200000,2025,1h,LONG,BEAR,MEDIUM,94994.37,94221.57,96859.88,96840.5,TAKE_PROFIT,3,2.231,0.501,19.43,2,0.4,17.43,2.449,true,false
154,1739768400000,2025,1h,LONG,BEAR,LOW,96261.92,95652.22,97718.79,96043.97,TIME_EXIT,6,0.229,0.355,-2.26,2,0.4,-4.26,-0.369,false,false
155,1740330000000,2025,1h,LONG,BEAR,LOW,95675.91,95176.52,96857.42,96238.75,TIME_EXIT,6,0.706,0.14,5.88,2,0.4,3.88,1.172,false,false
156,1740369600000,2025,1h,LONG,BEAR,LOW,95317.06,94822.57,96486.58,95612.53,TIME_EXIT,6,0.923,0.061,3.1,2,0.4,1.1,0.621,false,false
157,1740441600000,2025,1h,LONG,BEAR,LOW,91875.67,91368.01,93080.53,91349.74,STOP_LOSS,1,0.592,0.753,-5.72,2,0.4,-7.72,-1.075,false,true
158,1740477600000,2025,1h,LONG,BEAR,LOW,88231.4,87726.88,89430.96,87709.34,STOP_LOSS,1,1.297,0.674,-5.92,2,0.4,-7.92,-1.072,false,true
159,1740495600000,2025,1h,LONG,BEAR,LOW,87249.08,86726.14,88495.35,86708.8,STOP_LOSS,1,0.625,1.231,-6.19,2,0.4,-8.19,-1.069,false,true
160,1740578400000,2025,1h,LONG,BEAR,LOW,87638.73,87092.78,88942.29,87075.36,STOP_LOSS,2,1.037,1.53,-6.43,2,0.4,-8.43,-1.066,false,true
161,1740600000000,2025,1h,LONG,BEAR,MEDIUM,84401.22,83826.67,85778.52,83809.9,STOP_LOSS,1,0.886,1.091,-7.01,2,0.4,-9.01,-1.06,false,true
162,1741528800000,2025,1h,LONG,BEAR,HIGH,83619.3,82518.61,86312.51,82502.1,STOP_LOSS,2,0.198,1.525,-13.36,2,0.4,-15.36,-1.031,false,true
163,1741532400000,2025,1h,LONG,BEAR,HIGH,83097.02,81995.69,85792.18,81979.29,STOP_LOSS,6,0.816,1.836,-13.45,2,0.4,-15.45,-1.03,false,true
164,1741651200000,2025,1h,LONG,BEAR,HIGH,77689.13,76565.59,80443.63,80427.55,TAKE_PROFIT,5,3.583,1.103,35.25,2,0.4,33.25,2.471,true,false
165,1743379200000,2025,1h,LONG,BEAR,LOW,81663.23,81166.66,82847.51,82036.42,TIME_EXIT,6,0.807,0.302,4.57,2,0.4,2.57,0.777,false,false
166,1743980400000,2025,1h,LONG,BEAR,MEDIUM,78445.69,77855.3,79866.75,77839.73,STOP_LOSS,1,0.115,1.288,-7.72,2,0.4,-9.72,-1.054,false,true
167,1744160400000,2025,1h,LONG,BEAR,MEDIUM,76085.74,75393.71,77762.59,75378.63,STOP_LOSS,2,0.53,1.386,-9.29,2,0.4,-11.29,-1.045,false,true
168,1746410400000,2025,1h,LONG,BEAR,LOW,94255.51,93752.32,95447.51,94540.28,TIME_EXIT,6,0.625,0.234,3.02,2,0.4,1.02,0.588,false,false
169,1746536400000,2025,1h,LONG,BEAR,LOW,93635.63,93171.73,94729.86,94710.91,TAKE_PROFIT,2,1.193,0.005,11.48,2,0.4,9.48,2.415,true,false
170,1748527200000,2025,1h,LONG,BEAR,LOW,107644.05,106966,109263.85,106944.61,STOP_LOSS,1,0.107,0.619,-6.5,2,0.4,-8.5,-1.065,false,true
171,1749045600000,2025,1h,LONG,BEAR,LOW,105054.31,104480.22,106416,104459.32,STOP_LOSS,6,0.484,0.596,-5.66,2,0.4,-7.66,-1.076,false,true
172,1749132000000,2025,1h,LONG,BEAR,LOW,104660.14,104113.17,105954.32,104092.34,STOP_LOSS,2,0.222,1.32,-5.43,2,0.4,-7.43,-1.079,false,true
173,1749776400000,2025,1h,LONG,BEAR,LOW,103794.4,103288.54,104986.43,103267.88,STOP_LOSS,1,0.196,0.682,-5.07,2,0.4,-7.07,-1.085,false,true
174,1750546800000,2025,1h,LONG,BEAR,LOW,102140.44,101592.22,103439.53,102833.32,TIME_EXIT,6,1.253,0.274,6.78,2,0.4,4.78,1.313,false,false
175,1750597200000,2025,1h,LONG,BEAR,LOW,100885.83,100337.35,102186.43,100317.29,STOP_LOSS,1,0.37,1.784,-5.64,2,0.4,-7.64,-1.076,false,true
176,1753048800000,2025,1h,LONG,BEAR,LOW,117503.42,116886.42,118963.66,116863.05,STOP_LOSS,2,0.066,0.821,-5.45,2,0.4,-7.45,-1.079,false,true
177,1753426800000,2025,1h,LONG,BEAR,LOW,115343.07,114669.94,116945.18,116193.03,TIME_EXIT,6,1.268,0.27,7.37,2,0.4,5.37,1.307,false,false
178,1753902000000,2025,1h,LONG,BEAR,LOW,116940.11,116380.15,118258.17,118234.52,TAKE_PROFIT,5,1.39,0.031,11.07,2,0.4,9.07,2.412,true,false
179,1754395200000,2025,1h,LONG,BEAR,LOW,113960.14,113431.01,115203.21,113408.32,STOP_LOSS,2,0.558,1.13,-4.84,2,0.4,-6.84,-1.09,false,true
180,1755475200000,2025,1h,LONG,BEAR,LOW,117313.66,116773.56,118581.81,116750.2,STOP_LOSS,1,0.102,0.958,-4.8,2,0.4,-6.8,-1.091,false,true
181,1755486000000,2025,1h,LONG,BEAR,LOW,115342.06,114802.97,116609.07,114780.01,STOP_LOSS,6,0.341,0.589,-4.87,2,0.4,-6.87,-1.089,false,true
182,1755864000000,2025,1h,LONG,BEAR,LOW,112363.97,111774.06,113760.1,113737.34,TAKE_PROFIT,2,3.36,0.364,12.22,2,0.4,10.22,2.42,true,false
183,1756684800000,2025,1h,LONG,BEAR,LOW,108244.01,107653.03,109645.73,107631.49,STOP_LOSS,2,0.241,0.736,-5.66,2,0.4,-7.66,-1.076,false,true
184,1757941200000,2025,1h,LONG,BEAR,LOW,114687,114240.18,115723.79,115284.72,TIME_EXIT,6,0.79,0.226,5.21,2,0.4,3.21,1.41,false,false
185,1758294000000,2025,1h,LONG,BEAR,LOW,115907.21,115469.32,116920.81,115446.22,STOP_LOSS,3,0.217,0.432,-3.98,2,0.4,-5.98,-1.112,false,true
186,1758686400000,2025,1h,LONG,BEAR,LOW,112184.37,111773.33,113133.46,112919.39,TIME_EXIT,6,0.712,0.025,6.55,2,0.4,4.55,1.891,false,false
187,1759852800000,2025,1h,LONG,BEAR,LOW,121708.51,121166.68,122977.91,121142.44,STOP_LOSS,1,0.114,0.48,-4.65,2,0.4,-6.65,-1.094,false,true
188,1760018400000,2025,1h,LONG,BEAR,LOW,121339.27,120777.95,122657.65,120753.8,STOP_LOSS,1,0.346,0.528,-4.83,2,0.4,-6.83,-1.09,false,true
189,1760130000000,2025,1h,LONG,BEAR,LOW,113474.56,112838.56,114985.15,112815.99,STOP_LOSS,1,0.579,2.267,-5.8,2,0.4,-7.8,-1.074,false,true
190,1760605200000,2025,1h,LONG,BEAR,MEDIUM,111168.54,110327.25,113193.96,110305.18,STOP_LOSS,5,0.752,1.276,-7.77,2,0.4,-9.77,-1.054,false,true
191,1760630400000,2025,1h,LONG,BEAR,MEDIUM,109254.28,108392.21,111332.99,108370.53,STOP_LOSS,1,0.011,0.92,-8.09,2,0.4,-10.09,-1.052,false,true
192,1760695200000,2025,1h,LONG,BEAR,MEDIUM,104772.94,103873.36,106948.56,106927.17,TAKE_PROFIT,6,2.696,0.209,20.56,2,0.4,18.56,2.452,true,false
193,1762264800000,2025,1h,LONG,BEAR,LOW,104520.91,103858.52,106103.72,103837.75,STOP_LOSS,1,0.328,1.258,-6.54,2,0.4,-8.54,-1.065,false,true
194,1762279200000,2025,1h,LONG,BEAR,LOW,101384.24,100711.03,102996.31,100690.89,STOP_LOSS,1,0.343,0.937,-6.84,2,0.4,-8.84,-1.062,false,true
195,1762290000000,2025,1h,LONG,BEAR,MEDIUM,100331.52,99651.32,101961.8,99631.39,STOP_LOSS,4,1.577,1.34,-6.98,2,0.4,-8.98,-1.061,false,true
196,1762513200000,2025,1h,LONG,BEAR,MEDIUM,100431.97,99681.47,102237.94,99661.53,STOP_LOSS,1,0.212,1.146,-7.67,2,0.4,-9.67,-1.055,false,true
197,1763434800000,2025,1h,LONG,BEAR,MEDIUM,90860.89,90070.36,92773.61,90052.35,STOP_LOSS,1,0.01,1.749,-8.9,2,0.4,-10.9,-1.047,false,true
198,1763571600000,2025,1h,LONG,BEAR,MEDIUM,89517.9,88715.92,91460.2,88698.17,STOP_LOSS,2,0.273,0.971,-9.16,2,0.4,-11.16,-1.045,false,true
199,1763726400000,2025,1h,LONG,BEAR,MEDIUM,83302,82441.12,85395.9,85378.82,TAKE_PROFIT,2,2.654,0.202,24.93,2,0.4,22.93,2.46,true,false
200,1763992800000,2025,1h,LONG,BEAR,MEDIUM,86188.45,85291.77,88369.85,88352.18,TAKE_PROFIT,3,2.761,0.299,25.1,2,0.4,23.1,2.46,true,false
201,1764874800000,2025,1h,LONG,BEAR,MEDIUM,91993.83,91339.2,93566.01,92339.56,TIME_EXIT,6,0.808,0.312,3.76,2,0.4,1.76,0.543,false,false
202,1764943200000,2025,1h,LONG,BEAR,MEDIUM,90305.73,89653.76,91872.45,89635.83,STOP_LOSS,2,1.319,2.472,-7.42,2,0.4,-9.42,-1.057,false,true
203,1765753200000,2025,1h,LONG,BEAR,MEDIUM,88189.79,87570.67,89675.89,89657.95,TAKE_PROFIT,3,2.133,0.111,16.65,2,0.4,14.65,2.441,true,false
204,1767880800000,2026,1h,LONG,BEAR,LOW,90042,89619.69,91034.78,91016.57,TAKE_PROFIT,3,1.573,0.226,10.82,2,0.4,8.82,2.41,true,false
205,1768172400000,2026,1h,LONG,BULL,LOW,91031.86,90604.59,92036.34,92017.93,TAKE_PROFIT,3,1.506,0.344,10.83,2,0.4,8.83,2.411,true,false
206,1768921200000,2026,1h,LONG,BEAR,LOW,90703.09,90254.28,91761.61,90236.23,STOP_LOSS,1,0.319,0.729,-5.15,2,0.4,-7.15,-1.084,false,true
207,1770001200000,2026,1h,LONG,BEAR,MEDIUM,76308.24,75676.17,77835.01,75661.03,STOP_LOSS,1,0.43,1.254,-8.48,2,0.4,-10.48,-1.049,false,true
208,1770267600000,2026,1h,LONG,BEAR,MEDIUM,70746.88,70034.64,72477.95,70020.64,STOP_LOSS,6,1.761,1.146,-10.27,2,0.4,-12.27,-1.04,false,true
209,1770336000000,2026,1h,LONG,BEAR,HIGH,63522.1,62731.88,65453.2,65440.11,TAKE_PROFIT,1,3.544,0,30.19,2,0.4,28.19,2.467,true,false
210,1770732000000,2026,1h,LONG,BEAR,HIGH,68474.09,67529.79,70786.93,68739.95,TIME_EXIT,6,2.24,0.233,3.88,2,0.4,1.88,0.286,false,false
211,1770822000000,2026,1h,LONG,BEAR,HIGH,66533.02,65591.27,68840.84,67797.61,TIME_EXIT,6,2.781,0.968,19.01,2,0.4,17.01,1.362,false,false
212,1774137600000,2026,1h,LONG,BEAR,MEDIUM,68968.49,68411.63,70312.38,69150.23,TIME_EXIT,6,0.92,0.279,2.64,2,0.4,0.64,0.335,false,false
213,1774620000000,2026,1h,LONG,BEAR,MEDIUM,66218.31,65676.93,67525.43,65663.79,STOP_LOSS,3,0.654,0.914,-8.37,2,0.4,-10.37,-1.05,false,true
214,1775368800000,2026,1h,LONG,BEAR,LOW,66815.6,66380.24,67857.23,66770.22,TIME_EXIT,6,0.521,0.182,-0.68,2,0.4,-2.68,-0.108,false,false
215,1776344400000,2026,1h,LONG,BEAR,LOW,73802.79,73371.22,74830.05,74815.08,TAKE_PROFIT,2,1.479,0.489,13.72,2,0.4,11.72,2.429,true,false
216,1777381200000,2026,1h,LONG,BEAR,LOW,76205.09,75768.36,77243.57,75753.21,STOP_LOSS,1,0.013,0.687,-5.93,2,0.4,-7.93,-1.072,false,true
217,1778925600000,2026,1h,LONG,BEAR,LOW,77975.58,77565.14,78947.11,78190.32,TIME_EXIT,6,0.519,0.162,2.75,2,0.4,0.75,0.544,false,false
218,1779807600000,2026,1h,LONG,BEAR,LOW,76533.4,76160.1,77413.09,76144.87,STOP_LOSS,2,0.251,0.873,-5.08,2,0.4,-7.08,-1.085,false,true
219,1780329600000,2026,1h,LONG,BEAR,LOW,71578.32,71211.7,72444.79,71197.46,STOP_LOSS,5,0.331,0.869,-5.32,2,0.4,-7.32,-1.081,false,true
220,1780538400000,2026,1h,LONG,BEAR,LOW,63244.65,62822.15,64256.63,64243.78,TAKE_PROFIT,1,2.069,0.021,15.8,2,0.4,13.8,2.438,true,false
221,1781020800000,2026,1h,LONG,BEAR,MEDIUM,61402.79,60841.83,62762.21,61705.16,TIME_EXIT,6,1.436,0,4.92,2,0.4,2.92,0.551,false,false
222,1782075600000,2026,1h,LONG,BEAR,LOW,63820.76,63433.78,64743.56,63421.09,STOP_LOSS,2,0.088,0.843,-6.26,2,0.4,-8.26,-1.068,false,true
223,1782867600000,2026,1h,LONG,BEAR,MEDIUM,58782.33,58351.98,59817.07,58756.9,TIME_EXIT,6,1.168,0.402,-0.43,2,0.4,-2.43,-0.061,false,false
224,1783342800000,2026,1h,LONG,BEAR,MEDIUM,61780.55,61343.6,62829.7,62817.14,TAKE_PROFIT,2,2.885,0.09,16.78,2,0.4,14.78,2.441,true,false
225,1784188800000,2026,1h,LONG,BEAR,LOW,64139.69,63791.13,64966.19,64530.6,TIME_EXIT,6,1.148,0.45,6.09,2,0.4,4.09,1.164,false,false
226,1784534400000,2026,1h,LONG,BEAR,LOW,64062.81,63742.88,64817.8,64804.84,TAKE_PROFIT,3,1.589,0.058,11.58,2,0.4,9.58,2.416,true,false
227,1784901600000,2026,1h,LONG,BEAR,LOW,64067.92,63749.37,64819.47,64157.4,TIME_EXIT,6,0.434,0.308,1.4,2,0.4,-0.6,0.293,false,false
228,1785243600000,2026,1h,LONG,BEAR,LOW,63116.62,62833.28,63780.81,63768.06,TAKE_PROFIT,2,1.462,0.22,10.32,2,0.4,8.32,2.406,true,false
229,1786917600000,2026,1h,LONG,BEAR,LOW,62926.28,62723.05,63390.31,63377.64,TAKE_PROFIT,4,0.932,0.258,7.17,2,0.4,5.17,2.367,true,false